1761742660337,40,HTTP Request,201,Created,Thread Group 1-1,text,true,,373,301,1,1,http://0.0.0.0:8080/payments,37,0,14
1761742660337,40,HTTP Request,201,Created,Thread Group 1-1,text,true,,373,301,1,1,http://0.0.0.0:8080/payments,37,0,14
1761742661303,24,HTTP Request,201,Created,Thread Group 1-2,text,true,,373,301,1,1,http://0.0.0.0:8080/payments,24,0,2
1761742661303,24,HTTP Request,201,Created,Thread Group 1-2,text,true,,373,301,1,1,http://0.0.0.0:8080/payments,24,0,2
1761742662299,18,HTTP Request,201,Created,Thread Group 1-3,text,true,,373,301,1,1,http://0.0.0.0:8080/payments,18,0,1
1761742662299,18,HTTP Request,201,Created,Thread Group 1-3,text,true,,373,301,1,1,http://0.0.0.0:8080/payments,18,0,1
1761742663299,15,HTTP Request,201,Created,Thread Group 1-4,text,true,,373,301,1,1,http://0.0.0.0:8080/payments,15,0,2
1761742663299,15,HTTP Request,201,Created,Thread Group 1-4,text,true,,373,301,1,1,http://0.0.0.0:8080/payments,15,0,2
1761742664297,17,HTTP Request,201,Created,Thread Group 1-5,text,true,,373,301,1,1,http://0.0.0.0:8080/payments,17,0,2
1761742664297,17,HTTP Request,201,Created,Thread Group 1-5,text,true,,373,301,1,1,http://0.0.0.0:8080/payments,17,0,2
1761742721743,39,HTTP Request,201,Created,Thread Group 1-1,text,true,,373,301,1,1,http://0.0.0.0:8080/payments,36,0,10
1761742721743,39,HTTP Request,201,Created,Thread Group 1-1,text,true,,373,301,1,1,http://0.0.0.0:8080/payments,36,0,10
1761742722703,18,HTTP Request,201,Created,Thread Group 1-2,text,true,,373,301,1,1,http://0.0.0.0:8080/payments,18,0,2
1761742722703,18,HTTP Request,201,Created,Thread Group 1-2,text,true,,373,301,1,1,http://0.0.0.0:8080/payments,18,0,2
1761742723703,11,HTTP Request,201,Created,Thread Group 1-3,text,true,,373,301,1,1,http://0.0.0.0:8080/payments,11,0,1
1761742723703,11,HTTP Request,201,Created,Thread Group 1-3,text,true,,373,301,1,1,http://0.0.0.0:8080/payments,11,0,1
1761742724700,15,HTTP Request,201,Created,Thread Group 1-4,text,true,,373,301,1,1,http://0.0.0.0:8080/payments,15,0,2
1761742724700,15,HTTP Request,201,Created,Thread Group 1-4,text,true,,373,301,1,1,http://0.0.0.0:8080/payments,15,0,2
1761742725701,22,HTTP Request,201,Created,Thread Group 1-5,text,true,,373,301,1,1,http://0.0.0.0:8080/payments,22,0,1
1761742725701,22,HTTP Request,201,Created,Thread Group 1-5,text,true,,373,301,1,1,http://0.0.0.0:8080/payments,22,0,1
1762342678446,230,HTTP Request,201,Created,Thread Group 1-1,text,true,,373,301,1,1,http://0.0.0.0:8080/payments,227,0,12
1762342678446,230,HTTP Request,201,Created,Thread Group 1-1,text,true,,373,301,1,1,http://0.0.0.0:8080/payments,227,0,12
1762342679397,4,HTTP Request,201,Created,Thread Group 1-2,text,true,,373,301,1,1,http://0.0.0.0:8080/payments,4,0,1
1762342679397,4,HTTP Request,201,Created,Thread Group 1-2,text,true,,373,301,1,1,http://0.0.0.0:8080/payments,4,0,1
1762342680394,4,HTTP Request,201,Created,Thread Group 1-3,text,true,,373,301,1,1,http://0.0.0.0:8080/payments,4,0,0
1762342680394,4,HTTP Request,201,Created,Thread Group 1-3,text,true,,373,301,1,1,http://0.0.0.0:8080/payments,4,0,0
1762342681393,4,HTTP Request,201,Created,Thread Group 1-4,text,true,,373,301,1,1,http://0.0.0.0:8080/payments,4,0,0
1762342681393,4,HTTP Request,201,Created,Thread Group 1-4,text,true,,373,301,1,1,http://0.0.0.0:8080/payments,4,0,0
1762342682391,5,HTTP Request,201,Created,Thread Group 1-5,text,true,,373,301,1,1,http://0.0.0.0:8080/payments,5,0,1
1762342682391,5,HTTP Request,201,Created,Thread Group 1-5,text,true,,373,301,1,1,http://0.0.0.0:8080/payments,5,0,1
